time,object,confidence
2025-11-07 00:00:18,person,0.7729661464691162
2025-11-07 00:00:18,person,0.4383617639541626
2025-11-07 00:00:18,dog,0.26879870891571045
2025-11-07 00:00:18,dog,0.2598097324371338
2025-11-07 00:00:18,person,0.8454071283340454
2025-11-07 00:00:18,dog,0.5730513334274292
2025-11-07 00:00:18,cat,0.3833558261394501
2025-11-07 00:00:18,dog,0.28010493516921997
2025-11-07 00:00:19,person,0.8377302885055542
2025-11-07 00:00:19,cat,0.5128306746482849
2025-11-07 00:00:19,person,0.824791431427002
2025-11-07 00:00:19,dog,0.44820424914360046
2025-11-07 00:00:19,cat,0.2810405194759369
2025-11-07 00:00:19,person,0.851580798625946
2025-11-07 00:00:20,dog,0.45756664872169495
2025-11-07 00:00:20,person,0.280019074678421
2025-11-07 00:00:20,person,0.8530882596969604
2025-11-07 00:00:20,laptop,0.4628365635871887
2025-11-07 00:00:20,person,0.8623656034469604
2025-11-07 00:00:20,person,0.5218480229377747
2025-11-07 00:00:20,dog,0.3531155288219452
2025-11-07 00:00:21,person,0.8783588409423828
2025-11-07 00:00:21,cow,0.36288827657699585
2025-11-07 00:00:21,person,0.32911235094070435
2025-11-07 00:00:21,person,0.2825377583503723
2025-11-07 00:00:21,person,0.26000869274139404
2025-11-07 00:00:22,person,0.8750077486038208
2025-11-07 00:00:22,cow,0.3852795660495758
2025-11-07 00:00:22,person,0.3280830979347229
2025-11-07 00:00:22,person,0.307380735874176
2025-11-07 00:00:23,person,0.8568246364593506
2025-11-07 00:00:23,cow,0.37809085845947266
2025-11-07 00:00:23,person,0.3189488351345062
2025-11-07 00:00:23,person,0.3164729177951813
2025-11-07 00:00:23,person,0.8685979247093201
2025-11-07 00:00:23,person,0.4704457223415375
2025-11-07 00:00:23,person,0.4500817358493805
2025-11-07 00:00:23,person,0.32091233134269714
2025-11-07 00:00:25,person,0.856715202331543
2025-11-07 00:00:25,person,0.357831746339798
2025-11-07 00:00:25,cow,0.275378942489624
2025-11-07 00:00:25,person,0.2505320906639099
2025-11-07 00:00:26,person,0.8637260794639587
2025-11-07 00:00:26,dog,0.44459134340286255
2025-11-07 00:00:26,person,0.30564191937446594
2025-11-07 00:00:26,person,0.2964743375778198
2025-11-07 00:00:26,cow,0.28557541966438293
2025-11-07 00:00:26,person,0.250914990901947
2025-11-07 00:00:27,person,0.8587668538093567
2025-11-07 00:00:27,person,0.39129438996315
2025-11-07 00:00:27,person,0.3640826940536499
2025-11-07 00:00:27,cow,0.2722177803516388
2025-11-07 00:00:28,person,0.8612047433853149
2025-11-07 00:00:28,person,0.4022691249847412
2025-11-07 00:00:28,dog,0.4013439416885376
2025-11-07 00:00:28,cow,0.35744816064834595
2025-11-07 00:00:28,person,0.3223409950733185
2025-11-07 00:00:29,person,0.8725402355194092
2025-11-07 00:00:29,person,0.4354640543460846
2025-11-07 00:00:29,person,0.32753095030784607
2025-11-07 00:00:31,person,0.8725006580352783
2025-11-07 00:00:31,person,0.44387808442115784
2025-11-07 00:00:31,dog,0.3926708400249481
2025-11-07 00:00:31,cow,0.352710098028183
2025-11-07 00:00:31,person,0.26300618052482605
2025-11-07 00:00:32,person,0.8617932200431824
2025-11-07 00:00:32,person,0.36182358860969543
2025-11-07 00:00:32,person,0.3040485382080078
2025-11-07 00:00:32,person,0.2569901943206787
2025-11-07 00:00:34,person,0.8752572536468506
2025-11-07 00:00:34,person,0.5493636131286621
2025-11-07 00:00:34,cow,0.42879942059516907
2025-11-07 00:00:34,person,0.3178694248199463
2025-11-07 00:00:35,person,0.8671150207519531
2025-11-07 00:00:35,person,0.5055460929870605
2025-11-07 00:00:35,person,0.35958847403526306
2025-11-07 00:00:35,person,0.2742827236652374
2025-11-07 00:00:35,person,0.2679813802242279
2025-11-07 00:00:36,person,0.8738452196121216
2025-11-07 00:00:36,person,0.5388402342796326
2025-11-07 00:00:36,person,0.37287628650665283
2025-11-07 00:00:36,laptop,0.2757778763771057
2025-11-07 00:00:36,person,0.2743261158466339
2025-11-07 00:00:36,dog,0.2546727955341339
2025-11-07 00:00:37,person,0.8678231835365295
2025-11-07 00:00:37,dog,0.33190813660621643
2025-11-07 00:00:37,person,0.31364619731903076
2025-11-07 00:00:37,person,0.26266178488731384
2025-11-07 00:00:37,person,0.26002970337867737
2025-11-07 00:00:39,person,0.8737912774085999
2025-11-07 00:00:39,person,0.3041151463985443
2025-11-07 00:00:39,person,0.26491549611091614
2025-11-07 00:04:20,person,0.36518412828445435
2025-11-07 00:04:21,person,0.8955444693565369
2025-11-07 00:04:21,person,0.4344029724597931
2025-11-07 00:04:21,laptop,0.3749766945838928
2025-11-07 00:04:21,person,0.30971887707710266
2025-11-07 00:04:21,person,0.28802770376205444
2025-11-07 00:04:21,person,0.8994423747062683
2025-11-07 00:04:21,person,0.46990954875946045
2025-11-07 00:04:21,person,0.45485925674438477
2025-11-07 00:04:21,laptop,0.3851813077926636
2025-11-07 00:04:21,dog,0.26228734850883484
2025-11-07 00:04:21,person,0.8965952396392822
2025-11-07 00:04:21,person,0.47325170040130615
2025-11-07 00:04:21,laptop,0.35936129093170166
2025-11-07 00:04:21,person,0.3399738371372223
2025-11-07 00:04:22,person,0.9042423963546753
2025-11-07 00:04:22,person,0.5336030125617981
2025-11-07 00:04:22,person,0.4151252210140228
2025-11-07 00:04:22,laptop,0.27382490038871765
2025-11-07 00:04:22,person,0.8933409452438354
2025-11-07 00:04:22,person,0.5230655074119568
2025-11-07 00:04:22,person,0.49285888671875
2025-11-07 00:04:22,laptop,0.26625633239746094
2025-11-07 00:04:23,person,0.909425675868988
2025-11-07 00:04:23,person,0.49524638056755066
2025-11-07 00:04:23,person,0.4298366606235504
2025-11-07 00:04:23,person,0.28339770436286926
2025-11-07 00:04:24,person,0.9038504362106323
2025-11-07 00:04:24,person,0.5392283201217651
2025-11-07 00:04:24,person,0.4090404510498047
2025-11-07 00:04:24,laptop,0.3326985239982605
2025-11-07 00:04:24,person,0.29084712266921997
2025-11-07 00:04:24,person,0.9165892004966736
2025-11-07 00:04:24,person,0.5067828297615051
2025-11-07 00:04:24,person,0.45999789237976074
2025-11-07 00:04:25,person,0.9156919121742249
2025-11-07 00:04:25,person,0.46538326144218445
2025-11-07 00:04:25,person,0.46138155460357666
2025-11-07 00:04:26,person,0.895709216594696
2025-11-07 00:04:26,person,0.510643720626831
2025-11-07 00:04:26,person,0.4553951025009155
2025-11-07 00:04:27,person,0.9084580540657043
2025-11-07 00:04:27,person,0.44653668999671936
2025-11-07 00:04:27,person,0.44374170899391174
2025-11-07 00:04:29,person,0.9120043516159058
2025-11-07 00:04:29,person,0.42506712675094604
2025-11-07 00:04:29,person,0.3860257863998413
2025-11-07 00:04:29,laptop,0.29511868953704834
2025-11-07 00:04:30,person,0.9043518900871277
2025-11-07 00:04:30,person,0.43342041969299316
2025-11-07 00:04:30,person,0.35819175839424133
2025-11-07 00:04:31,person,0.8292468190193176
2025-11-07 00:04:31,person,0.42726218700408936
2025-11-07 00:04:31,laptop,0.28077438473701477
2025-11-07 00:04:31,person,0.27504050731658936
2025-11-07 00:04:33,person,0.8127896189689636
2025-11-07 00:04:33,person,0.40302565693855286
2025-11-07 00:04:34,person,0.8719649314880371
2025-11-07 00:04:34,person,0.501863956451416
2025-11-07 00:04:35,person,0.9096379280090332
2025-11-07 00:04:36,person,0.9429469704627991
2025-11-07 00:04:37,person,0.9350800514221191
2025-11-07 00:04:37,person,0.9402130246162415
2025-11-07 00:04:37,person,0.9379079937934875
2025-11-07 00:04:37,person,0.9385372996330261
2025-11-07 00:04:38,person,0.9433310031890869
2025-11-07 00:04:38,person,0.9418767690658569
2025-11-07 00:04:38,person,0.9405044317245483
2025-11-07 00:04:38,person,0.9399486184120178
2025-11-07 00:04:38,person,0.9412818551063538
2025-11-07 00:04:39,person,0.9389912486076355
2025-11-07 00:04:39,person,0.9367314577102661
2025-11-07 00:04:39,person,0.9379780888557434
2025-11-07 00:04:39,person,0.942658007144928
2025-11-07 00:04:39,person,0.9316704273223877
2025-11-07 00:04:39,person,0.9376344084739685
2025-11-07 00:04:40,person,0.9364760518074036
2025-11-07 00:04:40,person,0.9341961741447449
2025-11-07 00:05:23,person,0.5705440640449524
2025-11-07 00:05:23,person,0.4028613865375519
2025-11-07 00:05:23,person,0.29847630858421326
2025-11-07 00:05:24,person,0.3223048150539398
2025-11-07 00:05:24,person,0.28139087557792664
2025-11-07 00:05:24,person,0.5304372310638428
2025-11-07 00:05:24,person,0.6307415962219238
2025-11-07 00:05:25,person,0.3321608603000641
2025-11-07 00:05:25,person,0.3224762976169586
2025-11-07 00:05:26,person,0.32128822803497314
2025-11-07 00:05:27,person,0.37245067954063416
2025-11-07 00:05:27,person,0.3294491171836853
2025-11-07 00:05:28,person,0.4189710319042206
2025-11-07 00:05:28,person,0.3197084665298462
2025-11-07 00:05:29,person,0.6103015542030334
2025-11-07 00:05:29,couch,0.2987310290336609
2025-11-07 00:05:29,person,0.251295268535614
2025-11-07 00:05:30,person,0.5553628206253052
2025-11-07 00:05:30,person,0.4354250431060791
2025-11-07 00:05:30,couch,0.2983163595199585
2025-11-07 00:05:31,person,0.5091041326522827
2025-11-07 00:05:32,person,0.6679350137710571
2025-11-07 00:05:33,person,0.6838423609733582
2025-11-07 00:05:33,person,0.28690630197525024
2025-11-07 00:05:34,person,0.6032474040985107
2025-11-07 00:05:35,person,0.6556003093719482
2025-11-07 00:05:35,person,0.26885291934013367
2025-11-07 00:05:37,person,0.6422032713890076
2025-11-07 00:05:37,person,0.46238744258880615
2025-11-07 00:05:38,person,0.5251691341400146
2025-11-07 00:05:38,person,0.4075261652469635
2025-11-07 00:05:39,person,0.8143312931060791
2025-11-07 00:05:40,person,0.7397541403770447
2025-11-07 00:05:41,person,0.7700200080871582
2025-11-07 00:05:42,person,0.7752662301063538
2025-11-07 00:05:43,person,0.7354435920715332
2025-11-07 00:05:45,person,0.7645161151885986
2025-11-07 00:06:00,person,0.4133184850215912
2025-11-07 00:06:01,person,0.7878994345664978
2025-11-07 00:06:01,laptop,0.469603031873703
2025-11-07 00:06:01,person,0.35858190059661865
2025-11-07 00:06:02,person,0.32652220129966736
2025-11-07 00:06:02,person,0.46508458256721497
2025-11-07 00:06:02,person,0.30293112993240356
2025-11-07 00:06:03,person,0.5882968902587891
2025-11-07 00:06:03,person,0.40397197008132935
2025-11-07 00:06:04,person,0.40682169795036316
2025-11-07 00:06:05,person,0.8110001683235168
2025-11-07 00:06:05,cell phone,0.3893609941005707
2025-11-07 00:06:05,book,0.3828899562358856
2025-11-07 00:06:06,person,0.387469083070755
2025-11-07 00:06:07,person,0.7201471328735352
2025-11-07 00:06:08,book,0.6982255578041077
2025-11-07 00:06:08,person,0.6417192816734314
2025-11-07 00:07:03,person,0.8712826371192932
2025-11-07 00:07:03,person,0.9121873378753662
2025-11-07 00:07:03,kite,0.28183630108833313
2025-11-07 00:07:04,person,0.9137466549873352
2025-11-07 00:07:04,kite,0.25958800315856934
2025-11-07 00:07:04,person,0.9129890203475952
2025-11-07 00:07:04,kite,0.3561188280582428
2025-11-07 00:07:04,person,0.9115508794784546
2025-11-07 00:07:04,kite,0.26201024651527405
2025-11-07 00:07:05,person,0.9135352969169617
2025-11-07 00:07:05,kite,0.38200488686561584
2025-11-07 00:07:05,person,0.9086089134216309
2025-11-07 00:07:06,person,0.9163303971290588
2025-11-07 00:07:06,kite,0.25543975830078125
2025-11-07 00:07:07,person,0.9121243357658386
2025-11-07 00:07:07,kite,0.25576895475387573
2025-11-07 00:07:08,person,0.9166183471679688
2025-11-07 00:07:08,person,0.9170761108398438
2025-11-07 00:07:09,person,0.910467803478241
2025-11-07 00:07:09,kite,0.2815115749835968
2025-11-07 00:07:11,person,0.9201146364212036
2025-11-07 00:07:31,person,0.8490802645683289
2025-11-07 00:07:31,person,0.8043768405914307
2025-11-07 00:07:31,cell phone,0.30971312522888184
2025-11-07 00:07:31,person,0.8143921494483948
2025-11-07 00:07:31,cell phone,0.5240473747253418
2025-11-07 00:07:32,cell phone,0.9455484747886658
2025-11-07 00:07:32,person,0.8656913638114929
2025-11-07 00:07:32,cell phone,0.9339202642440796
2025-11-07 00:07:32,person,0.895409882068634
2025-11-07 00:07:33,person,0.8687319755554199
2025-11-07 00:07:33,cell phone,0.7535430192947388
2025-11-07 00:07:33,person,0.9022164344787598
2025-11-07 00:07:33,cell phone,0.7423078417778015
2025-11-07 00:07:34,cell phone,0.9165164828300476
2025-11-07 00:07:34,person,0.8607674837112427
2025-11-07 00:07:35,cell phone,0.8485103249549866
2025-11-07 00:07:35,person,0.8427481651306152
2025-11-07 00:07:36,cell phone,0.8650717735290527
2025-11-07 00:07:36,person,0.849973201751709
2025-11-07 00:07:37,cell phone,0.8953970670700073
2025-11-07 00:07:37,person,0.8454928398132324
2025-11-07 00:07:46,tie,0.41385501623153687
2025-11-07 00:07:47,cell phone,0.8924281597137451
2025-11-07 00:07:47,person,0.5968566536903381
2025-11-07 00:07:47,cell phone,0.8461737036705017
2025-11-07 00:07:47,person,0.6792530417442322
2025-11-07 00:07:47,person,0.38157156109809875
2025-11-07 00:07:47,person,0.7638025283813477
2025-11-07 00:07:47,cell phone,0.6328509449958801
2025-11-07 00:07:47,person,0.4105798304080963
2025-11-07 00:07:48,person,0.7716727256774902
2025-11-07 00:07:48,person,0.4480595588684082
2025-11-07 00:07:48,remote,0.30552685260772705
2025-11-07 00:07:48,cell phone,0.2619000971317291
2025-11-07 00:07:48,person,0.7266066074371338
2025-11-07 00:07:48,cell phone,0.4620729982852936
2025-11-07 00:07:48,person,0.3051062822341919
2025-11-07 00:07:48,remote,0.25002017617225647
2025-11-07 00:07:49,person,0.7774667143821716
2025-11-07 00:07:49,remote,0.646701991558075
2025-11-07 00:07:49,person,0.2549065351486206
2025-11-07 00:08:02,person,0.4330410659313202
2025-11-07 00:08:02,cell phone,0.3773624300956726
2025-11-07 00:08:02,person,0.5978804230690002
2025-11-07 00:08:03,person,0.7478397488594055
2025-11-07 00:08:03,cell phone,0.4010295867919922
2025-11-07 00:08:03,person,0.7962019443511963
2025-11-07 00:08:03,cell phone,0.47562411427497864
2025-11-07 00:08:04,person,0.811843991279602
2025-11-07 00:08:04,cell phone,0.5037381649017334
2025-11-07 00:08:04,cell phone,0.8216610550880432
2025-11-07 00:08:04,person,0.8205246925354004
2025-11-07 00:08:05,cell phone,0.9445670247077942
2025-11-07 00:08:05,person,0.8168765306472778
2025-11-07 00:08:06,cell phone,0.9352545142173767
2025-11-07 00:08:06,person,0.8779058456420898
2025-11-07 00:08:06,person,0.8505164384841919
2025-11-07 00:08:06,cell phone,0.8060459494590759
2025-11-07 00:08:08,cell phone,0.8768964409828186
2025-11-07 00:08:08,person,0.8223119974136353
2025-11-07 00:11:19,person,0.8762192130088806
2025-11-07 00:11:19,person,0.9038299918174744
2025-11-07 00:11:20,person,0.8958379030227661
2025-11-07 00:11:20,person,0.89043790102005
2025-11-07 00:11:21,person,0.8852213621139526
2025-11-07 00:11:21,person,0.8894938230514526
2025-11-07 00:11:22,person,0.8961086273193359
2025-11-07 00:11:22,person,0.9067368507385254
2025-11-07 00:11:23,person,0.8942495584487915
2025-11-07 00:11:24,person,0.8960933685302734
2025-11-07 00:11:25,person,0.903247058391571
2025-11-07 00:11:25,kite,0.30199703574180603
2025-11-07 00:11:26,person,0.8981718420982361
2025-11-07 00:11:28,person,0.8937445878982544
2025-11-07 00:11:29,person,0.9325575828552246
2025-11-07 00:11:30,person,0.9017935395240784
2025-11-07 00:11:32,person,0.8843306303024292
2025-11-07 00:11:33,person,0.8768933415412903
2025-11-07 00:11:34,person,0.8914628028869629
2025-11-07 00:11:35,person,0.8778343796730042
2025-11-07 00:11:36,person,0.8942786455154419
2025-11-07 00:11:38,person,0.8769775629043579
2025-11-07 00:13:17,person,0.7852488160133362
2025-11-07 00:13:18,person,0.9058719277381897
2025-11-07 00:13:18,person,0.8954415321350098
2025-11-07 00:13:19,person,0.9041004180908203
2025-11-07 00:13:20,person,0.9036317467689514
2025-11-07 00:13:21,person,0.9076881408691406
2025-11-07 00:13:21,kite,0.2517513930797577
2025-11-07 00:13:23,person,0.9158473610877991
2025-11-07 00:13:24,person,0.9144597053527832
2025-11-07 00:14:12,person,0.7414359450340271
2025-11-07 00:14:13,person,0.9096742868423462
2025-11-07 00:14:13,person,0.9157384037971497
2025-11-07 00:14:14,person,0.9183545708656311
2025-11-07 00:14:15,person,0.915140688419342
2025-11-07 00:14:16,person,0.9131034016609192
2025-11-07 00:14:17,person,0.9179109334945679
2025-11-07 00:14:19,person,0.9159570932388306
2025-11-07 00:14:20,person,0.9157400131225586
2025-11-07 00:14:21,person,0.9170420169830322
2025-11-07 00:14:22,person,0.8923470973968506
2025-11-07 00:14:23,person,0.9135003685951233
2025-11-07 00:14:24,person,0.914732038974762
2025-11-07 00:14:26,person,0.9224351048469543
2025-11-07 00:14:27,person,0.9200234413146973
2025-11-07 00:14:28,person,0.9144855737686157
2025-11-07 00:14:29,person,0.9165405631065369
2025-11-07 00:14:31,person,0.9212638735771179
2025-11-07 00:14:32,person,0.9120657444000244
2025-11-07 00:14:33,person,0.8986574411392212
2025-11-07 00:14:35,person,0.8803229331970215
2025-11-07 00:14:35,cell phone,0.4719441831111908
2025-11-07 00:14:36,person,0.8628520369529724
2025-11-07 00:14:36,cell phone,0.4855056703090668
2025-11-07 00:14:37,person,0.8575521111488342
2025-11-07 00:14:37,cell phone,0.6274380087852478
2025-11-07 00:14:39,person,0.8920412659645081
2025-11-07 00:14:40,person,0.9093453288078308
2025-11-07 00:17:55,person,0.7834122180938721
2025-11-07 00:17:55,person,0.9164795875549316
2025-11-07 00:17:55,person,0.9214597344398499
2025-11-07 00:17:56,person,0.9154968857765198
2025-11-07 00:17:56,person,0.9144942164421082
2025-11-07 00:17:57,person,0.919943630695343
2025-11-07 00:17:57,person,0.9137894511222839
2025-11-07 00:17:58,person,0.9118618369102478
2025-11-07 00:17:59,person,0.9158573150634766
2025-11-07 00:18:00,person,0.9219880700111389
2025-11-07 00:18:01,person,0.9175494909286499
2025-11-07 00:18:02,person,0.9140585660934448
2025-11-07 00:18:03,person,0.9138202667236328
2025-11-07 00:18:06,person,0.9137219190597534
2025-11-07 00:18:23,person,0.7267230153083801
2025-11-07 00:18:23,person,0.913156270980835
2025-11-07 00:18:24,person,0.9060572981834412
2025-11-07 00:18:24,person,0.9033757448196411
2025-11-07 00:18:25,person,0.9084441661834717
2025-11-07 00:18:27,person,0.8930043578147888
2025-11-07 00:18:28,person,0.9164968729019165
2025-11-07 00:18:29,person,0.9241989254951477
2025-11-07 00:18:31,person,0.8974567651748657
2025-11-07 00:18:32,person,0.8254823684692383
2025-11-07 00:18:34,person,0.8879923224449158
2025-11-07 00:18:35,person,0.8885263204574585
2025-11-07 00:18:36,person,0.8627715706825256
2025-11-07 00:18:37,person,0.8909454941749573
2025-11-07 00:18:38,person,0.8935995697975159
2025-11-07 00:18:39,person,0.8287944197654724
2025-11-07 00:18:41,person,0.6831948757171631
2025-11-07 00:18:41,remote,0.5475870966911316
2025-11-07 00:18:42,person,0.8882578611373901
2025-11-07 00:18:43,person,0.8923506140708923
2025-11-07 00:18:44,person,0.8902966380119324
2025-11-07 00:18:45,person,0.893040120601654
2025-11-07 00:18:47,person,0.9026967883110046
2025-11-07 00:18:49,person,0.8571786880493164
2025-11-07 00:18:49,cell phone,0.6699469089508057
2025-11-07 00:18:49,cell phone,0.30874356627464294
2025-11-07 00:18:51,person,0.8708467483520508
2025-11-07 00:18:51,cell phone,0.7549537420272827
2025-11-07 00:18:52,person,0.844876229763031
2025-11-07 00:18:54,person,0.8674141764640808
2025-11-07 00:19:07,person,0.8819164633750916
2025-11-07 00:19:07,person,0.8617637157440186
2025-11-07 00:19:08,person,0.9049487709999084
2025-11-07 00:19:08,person,0.9075598120689392
2025-11-07 00:19:09,person,0.9200108051300049
2025-11-07 00:19:10,person,0.9168402552604675
2025-11-07 00:19:11,person,0.9217348098754883
2025-11-07 00:19:11,person,0.914164662361145
2025-11-07 00:19:12,person,0.9139539003372192
2025-11-07 00:19:14,person,0.9152381420135498
2025-11-07 00:19:15,person,0.9209043383598328
2025-11-07 00:19:16,person,0.9033985733985901
2025-11-07 00:19:17,person,0.9202016592025757
2025-11-07 00:19:18,person,0.9241553544998169
2025-11-07 00:19:19,person,0.9020072817802429
2025-11-07 00:19:21,person,0.9191940426826477
2025-11-07 00:19:22,person,0.9091731905937195
2025-11-07 00:19:22,remote,0.3369476795196533
2025-11-07 00:19:23,person,0.8804953694343567
2025-11-07 00:19:24,person,0.8388451337814331
2025-11-07 00:19:24,cell phone,0.4871364235877991
2025-11-07 00:19:24,cell phone,0.45749205350875854
2025-11-07 00:19:24,cell phone,0.3196124732494354
2025-11-07 00:19:26,person,0.8894144892692566
2025-11-07 00:19:26,cell phone,0.7051399946212769
2025-11-07 00:19:27,cell phone,0.9137450456619263
2025-11-07 00:19:27,person,0.7204411625862122
2025-11-07 00:19:27,person,0.6593214869499207
2025-11-07 00:19:28,cell phone,0.9291043281555176
2025-11-07 00:19:29,person,0.9053202867507935
2025-11-07 00:19:29,cell phone,0.5336382985115051
2025-11-07 00:19:30,person,0.9218584895133972
2025-11-07 00:19:30,cell phone,0.4355403780937195
2025-11-07 00:19:32,person,0.7576298713684082
2025-11-07 00:19:32,cell phone,0.31557124853134155
2025-11-07 00:19:33,person,0.9086087942123413
2025-11-07 00:19:33,cell phone,0.5571369528770447
2025-11-07 00:19:33,cell phone,0.37361183762550354
2025-11-07 00:19:34,person,0.9130026698112488
2025-11-07 00:19:34,cell phone,0.6196183562278748
2025-11-07 00:19:34,cell phone,0.3712979555130005
2025-11-07 00:19:35,person,0.9147760272026062
2025-11-07 00:19:35,cell phone,0.5723294615745544
2025-11-07 00:19:35,cell phone,0.5650856494903564
2025-11-07 00:19:36,person,0.9112426042556763
2025-11-07 00:19:36,cell phone,0.633685290813446
2025-11-07 00:19:36,cell phone,0.4815013110637665
2025-11-07 00:19:37,person,0.9064623117446899
2025-11-07 00:19:37,cell phone,0.4107481837272644
2025-11-07 00:19:37,cell phone,0.40854886174201965
2025-11-07 00:19:38,cell phone,0.6798399686813354
2025-11-07 00:19:39,person,0.9280251860618591
2025-11-07 00:19:40,person,0.9267199635505676
2025-11-07 00:19:41,person,0.9308569431304932
2025-11-07 00:19:42,person,0.9297982454299927
2025-11-07 00:19:43,person,0.9251476526260376
2025-11-07 00:19:44,person,0.9305101633071899
2025-11-07 00:19:45,person,0.9215735793113708
2025-11-07 00:19:46,person,0.9204092621803284
2025-11-07 00:19:47,person,0.9221690893173218
2025-11-07 00:19:48,person,0.9149900674819946
2025-11-07 00:19:48,person,0.9078314900398254
2025-11-07 00:19:48,person,0.9051779508590698
2025-11-07 00:19:49,person,0.9086027145385742
2025-11-07 00:19:49,person,0.8936102390289307
2025-11-07 00:19:49,person,0.9048437476158142
2025-11-07 00:19:49,person,0.900867223739624
2025-11-07 00:19:50,person,0.9016212821006775
2025-11-07 00:19:50,person,0.9073421955108643
2025-11-07 00:19:50,person,0.9115423560142517
2025-11-07 00:19:50,person,0.9007130265235901
2025-11-07 00:19:50,person,0.8888460993766785
2025-11-07 00:19:51,person,0.8906794786453247
2025-11-07 00:19:51,person,0.8816518783569336
2025-11-07 00:19:51,person,0.8833322525024414
2025-11-07 00:19:51,person,0.8880957365036011
2025-11-07 00:19:51,person,0.8843080401420593
2025-11-07 00:19:51,person,0.8921166658401489
2025-11-07 00:19:52,person,0.8666765093803406
2025-11-07 00:20:20,person,0.6442374587059021
2025-11-07 00:20:20,person,0.9150410890579224
2025-11-07 00:20:21,person,0.9096873998641968
2025-11-07 00:20:22,person,0.908255934715271
2025-11-07 00:20:23,person,0.9061099290847778
2025-11-07 00:20:24,person,0.9132976531982422
2025-11-07 00:20:25,person,0.905569314956665
2025-11-07 00:20:26,person,0.8379179835319519
2025-11-07 00:20:27,person,0.8787563443183899
2025-11-07 00:20:27,person,0.8784310221672058
2025-11-07 00:20:28,person,0.9164972901344299
2025-11-07 00:20:29,person,0.7828360199928284
2025-11-07 00:20:29,cell phone,0.7753641605377197
2025-11-07 00:20:30,person,0.7020001411437988
2025-11-07 00:20:30,person,0.5061025023460388
2025-11-07 00:20:31,person,0.7626520395278931
2025-11-07 00:20:32,person,0.8629798889160156
2025-11-07 00:20:33,person,0.8585120439529419
2025-11-07 00:20:34,person,0.8812639713287354
2025-11-07 00:20:35,person,0.9016520380973816
2025-11-07 00:20:36,person,0.8808632493019104
2025-11-07 00:20:37,person,0.885858416557312
2025-11-07 00:20:38,person,0.8786168098449707
2025-11-07 00:20:39,person,0.8932673931121826
2025-11-07 00:20:40,person,0.8862480521202087
2025-11-07 00:20:41,person,0.8800743222236633
2025-11-07 00:20:42,person,0.8867887258529663
2025-11-07 00:20:43,person,0.890435516834259
2025-11-07 00:20:44,person,0.8895255923271179
2025-11-07 00:20:45,person,0.8706812262535095
2025-11-07 00:20:46,person,0.8900865316390991
2025-11-07 00:20:47,person,0.86930912733078
2025-11-07 00:20:48,person,0.8941053152084351
2025-11-07 00:20:49,cell phone,0.8157041072845459
2025-11-07 00:20:49,person,0.7346580624580383
2025-11-07 00:20:50,person,0.744440495967865
2025-11-07 00:20:50,cell phone,0.7363646626472473
2025-11-07 00:20:50,cell phone,0.8220327496528625
2025-11-07 00:20:50,person,0.6494842171669006
2025-11-07 00:20:51,cell phone,0.9550577998161316
2025-11-07 00:20:51,person,0.6429462432861328
2025-11-07 00:20:52,person,0.8997128009796143
2025-11-07 00:20:53,person,0.885628342628479
2025-11-07 00:20:54,person,0.8791521787643433
2025-11-07 00:23:24,person,0.7953799962997437
2025-11-07 00:23:24,person,0.9120588302612305
2025-11-07 00:23:24,person,0.9044175744056702
2025-11-07 00:23:25,person,0.9071932435035706
2025-11-07 00:23:25,person,0.9040706157684326
2025-11-07 00:23:26,person,0.9012251496315002
2025-11-07 00:23:26,person,0.9043369889259338
2025-11-07 00:23:27,person,0.9034069776535034
2025-11-07 00:23:28,person,0.8981807231903076
2025-11-07 00:23:28,person,0.9032025337219238
2025-11-07 00:23:29,person,0.890397846698761
2025-11-07 00:23:30,person,0.8988457322120667
2025-11-07 00:23:31,person,0.8533678650856018
2025-11-07 00:23:32,person,0.7030633687973022
2025-11-07 00:23:32,dog,0.4032106399536133
2025-11-07 00:23:33,person,0.8732439875602722
2025-11-07 00:23:34,person,0.8037129640579224
2025-11-07 00:23:35,dog,0.6879324316978455
2025-11-07 00:23:36,person,0.8231099247932434
2025-11-07 00:23:37,person,0.7634802460670471
2025-11-07 00:23:38,person,0.9195237159729004
2025-11-07 00:23:38,person,0.929968535900116
2025-11-07 00:23:39,person,0.9301255345344543
2025-11-07 00:23:40,person,0.9213665723800659
2025-11-07 00:23:41,person,0.9059382677078247
2025-11-07 00:23:47,person,0.8442986607551575
2025-11-07 00:23:47,person,0.8444253206253052
2025-11-07 00:23:47,person,0.9090757966041565
2025-11-07 00:23:48,person,0.9012494087219238
2025-11-07 00:23:48,person,0.8868697881698608
2025-11-07 00:23:49,person,0.902163565158844
2025-11-07 00:23:50,person,0.8936741352081299
2025-11-07 00:23:51,person,0.8914387226104736
2025-11-07 00:23:51,person,0.9060071706771851
2025-11-07 00:23:52,person,0.9134743809700012
2025-11-07 00:23:53,person,0.9072005748748779
2025-11-07 00:23:54,person,0.9003431797027588
2025-11-07 00:23:55,person,0.8907480239868164
2025-11-07 00:23:56,person,0.8938827514648438
2025-11-07 00:23:57,person,0.8911514282226562
2025-11-07 00:23:58,person,0.8882485032081604
2025-11-07 00:23:59,person,0.886002242565155
2025-11-07 00:24:01,person,0.8887448906898499
2025-11-07 00:26:51,person,0.766283392906189
2025-11-07 00:26:51,person,0.9047428369522095
2025-11-07 00:26:52,person,0.8985981941223145
2025-11-07 00:26:52,person,0.9010331630706787
2025-11-07 00:26:52,person,0.9015498161315918
2025-11-07 00:26:53,person,0.8959503173828125
2025-11-07 00:26:53,person,0.9052380919456482
2025-11-07 00:26:54,person,0.8901848793029785
2025-11-07 00:26:55,person,0.8986655473709106
2025-11-07 00:26:55,person,0.8918637037277222
2025-11-07 00:26:56,person,0.8948776125907898
2025-11-07 00:26:58,person,0.8871181011199951
2025-11-07 00:27:02,person,0.8599230647087097
2025-11-07 00:27:03,person,0.847373366355896
2025-11-07 00:27:03,dog,0.636659562587738
2025-11-07 00:27:03,person,0.49758002161979675
2025-11-07 00:27:03,person,0.8858004212379456
2025-11-07 00:27:04,person,0.7369362115859985
2025-11-07 00:27:04,person,0.8158199787139893
2025-11-07 00:27:05,person,0.8555307388305664
2025-11-07 00:27:06,person,0.8197143077850342
2025-11-07 00:27:07,person,0.8695200085639954
2025-11-07 00:27:08,person,0.8694336414337158
2025-11-07 00:27:09,person,0.8826650977134705
2025-11-07 00:27:10,person,0.9186481237411499
2025-11-07 00:27:11,person,0.9282340407371521
2025-11-07 00:27:12,person,0.8941536545753479
2025-11-07 00:27:13,person,0.8082664608955383
2025-11-07 00:27:14,person,0.876566469669342
2025-11-07 00:27:15,person,0.7716542482376099
2025-11-07 00:27:16,person,0.8300022482872009
2025-11-07 00:27:21,person,0.8268447518348694
2025-11-07 00:27:21,person,0.9042893648147583
2025-11-07 00:27:21,person,0.8612784743309021
2025-11-07 00:27:21,chair,0.41361913084983826
2025-11-07 00:27:22,person,0.8195235133171082
2025-11-07 00:27:22,person,0.8583152294158936
2025-11-07 00:27:23,person,0.8033517003059387
2025-11-07 00:27:23,cell phone,0.7630758881568909
2025-11-07 00:27:24,cell phone,0.9614371061325073
2025-11-07 00:27:24,person,0.7056753039360046
2025-11-07 00:27:24,cell phone,0.3271912932395935
2025-11-07 00:27:25,cell phone,0.9708083271980286
2025-11-07 00:27:25,person,0.7785226702690125
2025-11-07 00:27:34,person,0.8058246374130249
2025-11-07 00:27:35,person,0.887882649898529
2025-11-07 00:27:35,person,0.879642903804779
2025-11-07 00:27:35,person,0.8763837218284607
2025-11-07 00:27:36,person,0.8844154477119446
2025-11-07 00:27:36,cell phone,0.2517964243888855
2025-11-07 00:27:37,person,0.8592000603675842
2025-11-07 00:27:52,person,0.8222036957740784
2025-11-07 00:27:52,person,0.9023037552833557
2025-11-07 00:27:52,person,0.8915269374847412
2025-11-07 00:27:53,person,0.8821513056755066
2025-11-07 00:27:53,person,0.8747501373291016
2025-11-07 00:27:54,person,0.8578062057495117
2025-11-07 00:27:55,person,0.8893892168998718
2025-11-07 00:27:55,person,0.8782404661178589
2025-11-07 00:27:56,person,0.9045019745826721
2025-11-07 00:27:59,person,0.8976482152938843
2025-11-07 00:28:01,person,0.9169352650642395
2025-11-07 00:28:01,person,0.9161695837974548
2025-11-07 00:28:01,person,0.8793489933013916
2025-11-07 00:28:03,person,0.8230500221252441
2025-11-07 00:31:00,person,0.6848715543746948
2025-11-07 00:31:01,person,0.8986487984657288
2025-11-07 00:31:01,person,0.8932536840438843
2025-11-07 00:31:02,person,0.8911890387535095
2025-11-07 00:31:03,person,0.8945472836494446
2025-11-07 00:31:04,person,0.8922653794288635
2025-11-07 00:31:05,person,0.8979027271270752
2025-11-07 00:31:07,person,0.8985522389411926
2025-11-07 00:31:08,person,0.9083083271980286
2025-11-07 00:31:08,person,0.9198096394538879
2025-11-07 00:31:09,person,0.9067762494087219
2025-11-07 00:31:10,person,0.8745524287223816
2025-11-07 00:31:11,person,0.8959137797355652
2025-11-07 00:31:12,person,0.9044103622436523
2025-11-07 00:31:12,person,0.892535388469696
2025-11-07 00:31:13,person,0.9037132263183594
2025-11-07 00:31:14,person,0.7853865027427673
2025-11-07 00:31:14,person,0.523646354675293
2025-11-07 00:31:14,person,0.3485119044780731
2025-11-07 00:31:16,person,0.7790884971618652
2025-11-07 00:31:16,cell phone,0.5917448997497559
2025-11-07 00:31:16,person,0.8013290166854858
2025-11-07 00:31:17,person,0.7907460927963257
2025-11-07 00:31:18,person,0.8045576214790344
2025-11-07 00:31:19,person,0.8620775938034058
2025-11-07 00:31:20,person,0.9031600952148438
2025-11-07 00:31:22,person,0.8638650178909302
2025-11-07 00:34:48,person,0.7479353547096252
2025-11-07 00:34:48,person,0.5303976535797119
2025-11-07 00:34:48,person,0.7277969717979431
2025-11-07 00:34:48,person,0.3686612546443939
2025-11-07 00:34:48,person,0.8135306239128113
2025-11-07 00:34:48,person,0.3022159934043884
2025-11-07 00:34:48,person,0.8791754841804504
2025-11-07 00:34:49,person,0.8687936067581177
2025-11-07 00:34:49,person,0.8358177542686462
2025-11-07 00:34:49,dog,0.4555778503417969
2025-11-07 00:34:49,dog,0.30303606390953064
2025-11-07 00:34:49,person,0.9362705945968628
2025-11-07 00:34:50,person,0.9254039525985718
2025-11-07 00:34:50,person,0.9212873578071594
2025-11-07 00:34:50,person,0.9192695021629333
2025-11-07 00:34:50,person,0.9276182651519775
2025-11-07 00:34:51,person,0.9265969395637512
2025-11-07 00:34:51,person,0.9021453261375427
2025-11-07 00:34:51,person,0.9113380312919617
2025-11-07 00:34:51,person,0.9085959196090698
2025-11-07 00:34:51,person,0.8942666053771973
2025-11-07 00:34:52,person,0.8703852891921997
2025-11-07 00:34:52,person,0.8806525468826294
2025-11-07 00:34:52,person,0.5463142991065979
2025-11-07 00:34:52,person,0.9278041124343872
2025-11-07 00:34:52,person,0.43575555086135864
2025-11-07 00:34:52,person,0.9400792121887207
2025-11-07 00:34:52,person,0.93604576587677
2025-11-07 00:34:53,person,0.9203504920005798
2025-11-07 00:34:53,toothbrush,0.5416573882102966
2025-11-07 00:34:53,person,0.9296512603759766
2025-11-07 00:34:53,person,0.9022451639175415
2025-11-07 00:34:53,person,0.9385208487510681
2025-11-07 00:34:54,person,0.9040319323539734
2025-11-07 00:34:54,person,0.8925235867500305
2025-11-07 00:34:54,person,0.8419418931007385
2025-11-07 00:34:54,person,0.8649343252182007
2025-11-07 00:34:54,person,0.8752933740615845
2025-11-07 00:34:54,person,0.2507225275039673
2025-11-07 00:34:55,person,0.8916268348693848
2025-11-07 00:34:55,person,0.7142143845558167
2025-11-07 00:34:55,person,0.9163920879364014
2025-11-07 00:34:55,person,0.7421509027481079
2025-11-07 00:34:55,person,0.8626214265823364
2025-11-07 00:34:55,person,0.5497137904167175
2025-11-07 00:34:55,person,0.8760366439819336
2025-11-07 00:34:55,person,0.6893398761749268
2025-11-07 00:34:55,person,0.3144734799861908
2025-11-07 00:34:55,person,0.9140208959579468
2025-11-07 00:34:55,person,0.5208854675292969
2025-11-07 00:34:55,person,0.48868247866630554
2025-11-07 00:34:56,person,0.9225777387619019
2025-11-07 00:34:56,person,0.8306352496147156
2025-11-07 00:34:56,person,0.9390069246292114
2025-11-07 00:34:56,person,0.9136753678321838
2025-11-07 00:34:56,person,0.9490860104560852
2025-11-07 00:34:56,person,0.8945229649543762
2025-11-07 00:34:56,person,0.9181111454963684
2025-11-07 00:34:56,person,0.8542550802230835
2025-11-07 00:34:57,person,0.9384375810623169
2025-11-07 00:34:57,person,0.8858262300491333
2025-11-07 00:34:57,person,0.9424002170562744
2025-11-07 00:34:57,person,0.9262358546257019
2025-11-07 00:34:57,person,0.9293716549873352
2025-11-07 00:34:57,person,0.9065402150154114
2025-11-07 00:34:57,person,0.9301508069038391
2025-11-07 00:34:57,person,0.9088478088378906
2025-11-07 00:34:57,person,0.9274383187294006
2025-11-07 00:34:57,person,0.902114748954773
2025-11-07 00:34:58,person,0.9239329695701599
2025-11-07 00:34:58,person,0.899328887462616
2025-11-07 00:34:58,person,0.9157105088233948
2025-11-07 00:34:58,person,0.8925141096115112
2025-11-07 00:34:58,person,0.934844434261322
2025-11-07 00:34:58,person,0.9162499308586121
2025-11-07 00:34:58,person,0.92791348695755
2025-11-07 00:34:58,person,0.700541079044342
2025-11-07 00:34:59,person,0.9392923712730408
2025-11-07 00:34:59,person,0.8650288581848145
2025-11-07 00:34:59,person,0.9173975586891174
2025-11-07 00:34:59,person,0.5612455010414124
2025-11-07 00:34:59,person,0.28183725476264954
2025-11-07 00:34:59,person,0.9390143752098083
2025-11-07 00:34:59,person,0.7039980292320251
2025-11-07 00:34:59,person,0.93854159116745
2025-11-07 00:34:59,person,0.7914547324180603
2025-11-07 00:34:59,person,0.9127882719039917
2025-11-07 00:34:59,person,0.5914148688316345
2025-11-07 00:35:00,person,0.9214231967926025
2025-11-07 00:35:00,person,0.8725985288619995
2025-11-07 00:35:00,person,0.4117763936519623
2025-11-07 00:35:00,person,0.8014202117919922
2025-11-07 00:35:00,person,0.8778986930847168
2025-11-07 00:35:00,person,0.3863193988800049
2025-11-07 00:35:01,person,0.8588305711746216
2025-11-07 00:35:01,person,0.8527831435203552
2025-11-07 00:35:01,person,0.8266591429710388
2025-11-07 00:35:01,person,0.8610607385635376
2025-11-07 00:35:01,person,0.8874408006668091
2025-11-07 00:35:02,person,0.8949123620986938
2025-11-07 00:35:02,person,0.8613241314888
2025-11-07 00:35:02,person,0.8524115681648254
2025-11-07 00:35:02,person,0.8836745619773865
2025-11-07 00:35:03,person,0.8621761202812195
2025-11-07 00:35:03,person,0.8768324851989746
2025-11-07 00:35:03,person,0.8506879210472107
2025-11-07 00:35:04,person,0.8571196794509888
2025-11-07 00:35:04,person,0.8068356513977051
2025-11-07 00:35:04,person,0.39191490411758423
2025-11-07 00:35:04,person,0.286908894777298
2025-11-07 00:35:04,person,0.7965289354324341
2025-11-07 00:35:04,person,0.6665524840354919
2025-11-07 00:35:04,person,0.2909913659095764
2025-11-07 00:35:05,person,0.8196155428886414
2025-11-07 00:35:05,person,0.3493993580341339
2025-11-07 00:35:05,person,0.3378502428531647
2025-11-07 00:35:05,person,0.8391702771186829
2025-11-07 00:35:05,person,0.4667133092880249
2025-11-07 00:35:05,person,0.2563316822052002
2025-11-07 00:35:05,person,0.8520041704177856
2025-11-07 00:35:05,person,0.29379233717918396
2025-11-07 00:35:05,person,0.8347635865211487
2025-11-07 00:35:05,person,0.5958132743835449
2025-11-07 00:35:05,person,0.29328110814094543
2025-11-07 00:35:05,person,0.8242796063423157
2025-11-07 00:35:05,person,0.5309574604034424
2025-11-07 00:35:05,person,0.40039896965026855
2025-11-07 00:35:06,person,0.78777676820755
2025-11-07 00:35:06,person,0.6740762591362
2025-11-07 00:35:06,person,0.8520522713661194
2025-11-07 00:35:06,person,0.5492609143257141
2025-11-07 00:35:06,person,0.3167792558670044
2025-11-07 00:35:06,person,0.8423702120780945
2025-11-07 00:35:06,person,0.639473557472229
2025-11-07 00:35:06,person,0.7352863550186157
2025-11-07 00:35:06,person,0.7099297642707825
2025-11-07 00:35:07,person,0.8374840617179871
2025-11-07 00:35:07,person,0.8230925798416138
2025-11-07 00:35:07,person,0.8552660942077637
2025-11-07 00:35:07,person,0.7084854245185852
2025-11-07 00:35:07,person,0.8712016344070435
2025-11-07 00:35:07,person,0.866366446018219
2025-11-07 00:35:07,person,0.8036616444587708
2025-11-07 00:35:07,person,0.803255021572113
2025-11-07 00:35:08,person,0.828547477722168
2025-11-07 00:35:08,person,0.7789302468299866
2025-11-07 00:35:08,person,0.7999292016029358
2025-11-07 00:35:08,person,0.7614983320236206
2025-11-07 00:35:08,person,0.8484602570533752
2025-11-07 00:35:08,person,0.6204984784126282
2025-11-07 00:35:08,person,0.6128600835800171
2025-11-07 00:35:09,person,0.7336397767066956
2025-11-07 00:35:09,person,0.6404350399971008
2025-11-07 00:35:09,person,0.7546737790107727
2025-11-07 00:35:09,person,0.7021617889404297
2025-11-07 00:35:10,person,0.8706769943237305
2025-11-07 00:35:10,person,0.810514509677887
2025-11-07 00:35:10,person,0.8143520355224609
2025-11-07 00:35:10,person,0.6916374564170837
2025-11-07 00:35:11,person,0.8231058716773987
2025-11-07 00:35:11,person,0.6508885025978088
2025-11-07 00:35:11,person,0.842138409614563
2025-11-07 00:35:11,person,0.6947952508926392
2025-11-07 00:35:11,person,0.8296758532524109
2025-11-07 00:35:11,person,0.7030284404754639
2025-11-07 00:35:12,person,0.8565278649330139
2025-11-07 00:35:12,person,0.6667402386665344
2025-11-07 00:35:12,person,0.7832583785057068
2025-11-07 00:35:12,dog,0.4854527413845062
2025-11-07 00:35:13,person,0.4728342890739441
2025-11-07 00:35:13,dog,0.4655967950820923
2025-11-07 00:35:13,person,0.448935866355896
2025-11-07 00:35:13,person,0.4464559853076935
2025-11-07 00:35:13,person,0.47670280933380127
2025-11-07 00:35:13,person,0.42064499855041504
2025-11-07 00:35:13,person,0.25906017422676086
2025-11-07 00:35:14,person,0.4545198380947113
2025-11-07 00:35:14,person,0.4270225763320923
2025-11-07 00:35:14,cat,0.26854169368743896
2025-11-07 00:35:14,person,0.6552187204360962
2025-11-07 00:35:14,person,0.4763663709163666
2025-11-07 00:35:15,person,0.6380963921546936
2025-11-07 00:35:15,person,0.3739393353462219
2025-11-07 00:35:15,person,0.3468436002731323
2025-11-07 00:35:16,person,0.7479696273803711
2025-11-07 00:35:16,person,0.5421115159988403
2025-11-07 00:35:16,person,0.7967403531074524
2025-11-07 00:35:16,person,0.686185896396637
2025-11-07 00:35:17,person,0.6400040984153748
2025-11-07 00:35:17,person,0.551048219203949
2025-11-07 00:35:17,person,0.8611355423927307
2025-11-07 00:35:17,person,0.35525208711624146
2025-11-07 00:35:18,person,0.807233989238739
2025-11-07 00:35:18,person,0.7686882615089417
2025-11-07 00:35:19,person,0.7747088074684143
2025-11-07 00:35:20,person,0.7832995057106018
2025-11-07 00:35:21,person,0.7539422512054443
2025-11-07 00:35:21,person,0.7758679389953613
2025-11-07 00:35:22,person,0.8354045748710632
2025-11-07 00:35:22,person,0.7971444725990295
2025-11-07 00:35:23,person,0.725979208946228
2025-11-07 00:35:23,person,0.7727319002151489
2025-11-07 00:35:24,person,0.6707387566566467
2025-11-07 00:35:24,person,0.29172417521476746
2025-11-07 00:35:24,person,0.7058741450309753
2025-11-07 00:35:25,person,0.6730162501335144
2025-11-07 00:35:25,person,0.7223854064941406
2025-11-07 00:35:26,person,0.6796678304672241
2025-11-07 00:35:26,person,0.6734336018562317
2025-11-07 00:35:26,person,0.3542010486125946
2025-11-07 00:35:27,person,0.6596187949180603
2025-11-07 00:35:28,person,0.8339306116104126
2025-11-07 00:35:28,person,0.8852507472038269
2025-11-07 00:35:29,person,0.8169063329696655
2025-11-07 00:35:29,person,0.8330825567245483
2025-11-07 00:35:30,person,0.7894179821014404
2025-11-07 00:35:30,person,0.8081914186477661
2025-11-07 00:35:31,person,0.8093564510345459
2025-11-07 00:35:31,person,0.785622775554657
2025-11-07 00:35:32,person,0.7886796593666077
2025-11-07 00:35:32,person,0.7910830974578857
2025-11-07 00:35:33,person,0.8108635544776917
2025-11-07 00:35:34,person,0.813746452331543
2025-11-07 00:35:34,person,0.8041993975639343
2025-11-07 00:35:35,person,0.7893622517585754
2025-11-07 00:35:35,person,0.7883864045143127
2025-11-07 00:35:36,person,0.8094698190689087
2025-11-07 00:35:36,person,0.8074921369552612
2025-11-07 00:35:37,person,0.7983148694038391
2025-11-07 00:35:37,person,0.7981969118118286
2025-11-07 00:35:38,person,0.7945610284805298
2025-11-07 00:35:39,person,0.7906687259674072
2025-11-07 00:35:39,person,0.809054434299469
2025-11-07 00:35:40,person,0.8008517622947693
2025-11-07 00:35:40,person,0.7889121770858765
2025-11-07 00:35:41,person,0.8060927987098694
2025-11-07 00:35:41,person,0.8007636070251465
2025-11-07 00:35:42,person,0.7930154800415039
2025-11-07 00:35:42,person,0.7849199771881104
2025-11-07 00:35:43,person,0.8100511431694031
2025-11-07 00:35:44,person,0.8076828122138977
2025-11-07 00:35:44,person,0.7969502806663513
2025-11-07 00:35:45,person,0.793584406375885
2025-11-07 00:35:45,person,0.7945441007614136
2025-11-07 00:35:46,person,0.8008006811141968
2025-11-07 00:35:46,cat,0.34496527910232544
2025-11-07 00:35:46,person,0.7531711459159851
2025-11-07 00:35:46,cat,0.318238765001297
2025-11-07 00:35:47,person,0.7294620871543884
2025-11-07 00:35:47,cat,0.4394855201244354
2025-11-07 00:35:47,person,0.8013378977775574
2025-11-07 00:35:48,cat,0.48899000883102417
2025-11-07 00:35:48,person,0.8331143260002136
2025-11-07 00:35:49,person,0.8412982821464539
2025-11-07 00:35:49,cat,0.28479284048080444
2025-11-07 00:35:49,person,0.7813817262649536
2025-11-07 00:35:49,cat,0.3698800206184387
2025-11-07 00:35:50,person,0.7483198046684265
2025-11-07 00:35:50,person,0.7261375188827515
2025-11-07 00:35:51,person,0.7397608160972595
2025-11-07 00:35:51,cat,0.36822259426116943
2025-11-07 00:35:51,person,0.7864167094230652
2025-11-07 00:35:51,cat,0.4364009499549866
2025-11-07 00:35:52,person,0.8379629850387573
2025-11-07 00:35:52,cat,0.6162775754928589
2025-11-07 00:35:52,person,0.8364878296852112
2025-11-07 00:35:52,person,0.5771819949150085
2025-11-07 00:35:53,person,0.8388838768005371
2025-11-07 00:35:53,dog,0.34626927971839905
2025-11-07 00:35:54,person,0.8328481316566467
2025-11-07 00:35:54,cat,0.4183392822742462
2025-11-07 00:35:54,person,0.8370324969291687
2025-11-07 00:35:54,dog,0.272997111082077
2025-11-07 00:35:55,person,0.8250524997711182
2025-11-07 00:35:55,person,0.7339637279510498
2025-11-07 00:35:55,bird,0.2532860040664673
2025-11-07 00:35:56,person,0.7604640126228333
2025-11-07 00:35:56,person,0.73747318983078
2025-11-07 00:35:57,person,0.7105261087417603
2025-11-07 00:35:57,person,0.7336158156394958
2025-11-07 00:35:57,bird,0.35369041562080383
2025-11-07 00:35:58,person,0.8139523863792419
2025-11-07 00:35:58,bird,0.33998653292655945
2025-11-07 00:35:58,person,0.8258800506591797
2025-11-07 00:35:58,bird,0.31793031096458435
2025-11-07 00:35:59,person,0.8168935775756836
2025-11-07 00:35:59,bird,0.43545714020729065
2025-11-07 00:36:00,person,0.8187350630760193
2025-11-07 00:36:00,cat,0.2651939392089844
2025-11-07 00:36:00,person,0.8161091208457947
2025-11-07 00:36:00,cat,0.40654510259628296
2025-11-07 00:36:01,person,0.8185869455337524
2025-11-07 00:36:01,cat,0.4214833974838257
2025-11-07 00:36:01,person,0.8153899908065796
2025-11-07 00:36:02,person,0.8195528984069824
2025-11-07 00:36:02,person,0.8187524080276489
2025-11-07 00:36:03,person,0.8082435727119446
2025-11-07 00:36:03,person,0.8336343169212341
2025-11-07 00:36:04,person,0.8190916180610657
2025-11-07 00:36:05,person,0.8243704438209534
2025-11-07 00:36:05,person,0.8247012495994568
2025-11-07 00:36:06,person,0.8265196084976196
2025-11-07 00:36:06,person,0.8255926370620728
2025-11-07 00:36:07,person,0.8271545767784119
2025-11-07 00:36:07,person,0.815407931804657
2025-11-07 00:36:08,person,0.8143541812896729
2025-11-07 00:36:09,person,0.8168071508407593
2025-11-07 00:36:09,person,0.819639265537262
2025-11-07 00:36:10,person,0.8231160640716553
2025-11-07 00:36:10,person,0.8248281478881836
2025-11-07 00:36:11,person,0.8219366073608398
2025-11-07 00:36:11,bird,0.3249850869178772
2025-11-07 00:36:11,person,0.8280999660491943
2025-11-07 00:36:12,person,0.8188382387161255
2025-11-07 00:36:12,person,0.8254959583282471
2025-11-07 00:36:13,person,0.8035964965820312
2025-11-07 00:36:13,cat,0.2564164996147156
2025-11-07 00:36:14,person,0.7949106693267822
2025-11-07 00:36:14,person,0.8088517785072327
2025-11-07 00:36:15,person,0.8134135007858276
2025-11-07 00:36:15,person,0.8212288618087769
2025-11-07 00:36:16,person,0.8146184682846069
2025-11-07 00:36:16,person,0.8143775463104248
2025-11-07 00:36:17,person,0.8112699389457703
2025-11-07 00:36:17,cat,0.2895940840244293
2025-11-07 00:36:18,person,0.8163579106330872
2025-11-07 00:36:18,person,0.8154394030570984
2025-11-07 00:36:19,person,0.8227407336235046
2025-11-07 00:36:19,cat,0.3584001660346985
2025-11-07 00:36:19,person,0.8299086689949036
2025-11-07 00:36:20,person,0.821090817451477
2025-11-07 00:36:20,cat,0.2981514036655426
2025-11-07 00:36:20,person,0.6705896854400635
2025-11-07 00:36:21,person,0.732011616230011
2025-11-07 00:36:21,cat,0.2534722685813904
2025-11-07 00:36:22,person,0.7794041037559509
2025-11-07 00:36:22,cat,0.29561808705329895
2025-11-07 00:36:22,person,0.7655959725379944
2025-11-07 00:36:22,cat,0.2504402995109558
2025-11-07 00:36:23,person,0.7623757123947144
2025-11-07 00:36:23,cat,0.4350850284099579
2025-11-07 00:36:23,person,0.7654340863227844
2025-11-07 00:36:23,cat,0.26880550384521484
2025-11-07 00:36:24,person,0.771955132484436
2025-11-07 00:36:24,cat,0.43402066826820374
2025-11-07 00:36:24,person,0.7936800122261047
2025-11-07 00:36:24,cat,0.3482450544834137
2025-11-07 00:36:25,person,0.7896426916122437
2025-11-07 00:36:26,person,0.6703293919563293
2025-11-07 00:36:26,person,0.6828560829162598
2025-11-07 00:36:27,person,0.6924346685409546
2025-11-07 00:36:27,cat,0.3121587932109833
2025-11-07 00:36:27,person,0.7642780542373657
2025-11-07 00:36:28,person,0.7691119313240051
2025-11-07 00:36:28,dog,0.43272966146469116
2025-11-07 00:36:29,person,0.7788563370704651
2025-11-07 00:36:29,person,0.7674213647842407
2025-11-07 00:36:29,person,0.7621449828147888
2025-11-07 00:36:29,person,0.674669623374939
2025-11-07 00:36:30,person,0.7856943607330322
2025-11-07 00:36:30,cat,0.2655070424079895
2025-11-07 00:36:30,person,0.794863224029541
2025-11-07 00:36:30,cat,0.3442506790161133
2025-11-07 00:36:30,dog,0.25327953696250916
2025-11-07 00:36:31,person,0.7820553779602051
2025-11-07 00:36:31,dog,0.39068350195884705
2025-11-07 00:36:31,person,0.3459622263908386
2025-11-07 00:36:31,person,0.7784373164176941
2025-11-07 00:36:31,dog,0.33742302656173706
2025-11-07 00:36:32,person,0.8146873712539673
2025-11-07 00:36:32,dog,0.26122960448265076
2025-11-07 00:36:32,person,0.771121621131897
2025-11-07 00:36:33,person,0.7861711978912354
2025-11-07 00:36:34,person,0.7918819189071655
2025-11-07 00:36:34,person,0.810617208480835
2025-11-07 00:36:35,person,0.8157679438591003
2025-11-07 00:36:35,person,0.8047583103179932
2025-11-07 00:36:36,person,0.8177792429924011
2025-11-07 00:36:36,person,0.8080266118049622
2025-11-07 00:36:37,person,0.8102667331695557
2025-11-07 00:36:38,person,0.8057621121406555
2025-11-07 00:36:38,person,0.7920374274253845
2025-11-07 00:36:39,person,0.8227769732475281
2025-11-07 00:36:39,person,0.8092027902603149
2025-11-07 00:36:40,person,0.8050861954689026
2025-11-07 00:36:40,person,0.8113669753074646
2025-11-07 00:36:41,person,0.812125563621521
2025-11-07 00:36:41,person,0.8087418675422668
2025-11-07 00:36:42,person,0.8185606002807617
2025-11-07 00:36:42,person,0.782785952091217
2025-11-07 00:36:43,person,0.8091250658035278
2025-11-07 00:36:44,person,0.7845786213874817
2025-11-07 00:36:44,person,0.7726643085479736
2025-11-07 00:36:45,person,0.7787537574768066
2025-11-07 00:36:45,person,0.7871847748756409
2025-11-07 00:36:46,person,0.7961835265159607
2025-11-07 00:36:46,person,0.8215813040733337
2025-11-07 00:36:47,person,0.8023536205291748
2025-11-07 00:36:48,person,0.8107697367668152
2025-11-07 00:36:48,cat,0.27267563343048096
2025-11-07 00:36:48,person,0.8018717169761658
2025-11-07 00:36:49,person,0.8041279315948486
2025-11-07 00:36:49,person,0.7955899238586426
2025-11-07 00:36:50,person,0.7898269891738892
2025-11-07 00:36:50,person,0.7984841465950012
2025-11-07 00:36:51,person,0.8080519437789917
2025-11-07 00:36:51,person,0.7984609603881836
2025-11-07 00:36:52,person,0.775540828704834
2025-11-07 00:36:53,person,0.7721063494682312
2025-11-07 00:36:53,person,0.7935159802436829
2025-11-07 00:36:54,person,0.8058480024337769
2025-11-07 00:36:54,cat,0.2746904194355011
2025-11-07 00:36:54,person,0.7708543539047241
2025-11-07 00:36:54,cat,0.32465457916259766
2025-11-07 00:36:55,person,0.7877888679504395
2025-11-07 00:36:55,person,0.7872242331504822
2025-11-07 00:36:56,person,0.782534658908844
2025-11-07 00:36:56,person,0.7686057090759277
2025-11-07 00:36:57,person,0.7718450427055359
2025-11-07 00:36:58,person,0.6961891055107117
2025-11-07 00:36:58,cat,0.29123684763908386
2025-11-07 00:36:58,person,0.851005494594574
2025-11-07 00:36:58,dog,0.3319534659385681
2025-11-07 00:36:59,person,0.8565804362297058
2025-11-07 00:36:59,person,0.43632107973098755
2025-11-07 00:36:59,person,0.8038418889045715
2025-11-07 00:36:59,person,0.6905521154403687
2025-11-07 00:37:00,person,0.8547220230102539
2025-11-07 00:37:00,person,0.4004448652267456
2025-11-07 00:37:00,person,0.8792516589164734
2025-11-07 00:37:00,person,0.4576874375343323
2025-11-07 00:37:01,person,0.8647055625915527
2025-11-07 00:37:01,person,0.5654535293579102
2025-11-07 00:37:01,toothbrush,0.25114208459854126
2025-11-07 00:37:01,person,0.8588548302650452
2025-11-07 00:37:01,person,0.5914530158042908
2025-11-07 00:37:02,person,0.848332941532135
2025-11-07 00:37:02,toothbrush,0.5853971838951111
2025-11-07 00:37:02,person,0.4945412278175354
2025-11-07 00:37:03,person,0.843063473701477
2025-11-07 00:37:03,toothbrush,0.5530330538749695
2025-11-07 00:37:03,person,0.36422932147979736
2025-11-07 00:37:03,person,0.843726634979248
2025-11-07 00:37:03,person,0.5148438811302185
2025-11-07 00:37:03,toothbrush,0.4380723834037781
2025-11-07 00:37:04,person,0.8506885766983032
2025-11-07 00:37:04,person,0.5806137323379517
2025-11-07 00:37:04,toothbrush,0.3787277340888977
2025-11-07 00:37:04,person,0.8534013032913208
2025-11-07 00:37:04,person,0.4409237205982208
2025-11-07 00:37:04,dog,0.2931610345840454
2025-11-07 00:37:05,person,0.8700459599494934
2025-11-07 00:37:05,person,0.3852204382419586
2025-11-07 00:37:05,dog,0.2872292697429657
2025-11-07 00:37:05,toothbrush,0.2813889682292938
2025-11-07 00:37:05,person,0.8763323426246643
2025-11-07 00:37:05,person,0.5497934818267822
2025-11-07 00:37:06,toothbrush,0.3533969819545746
2025-11-07 00:37:06,person,0.8865506649017334
2025-11-07 00:37:06,person,0.49977561831474304
2025-11-07 00:37:06,toothbrush,0.29710981249809265
2025-11-07 00:37:07,person,0.8751614689826965
2025-11-07 00:37:07,toothbrush,0.38658931851387024
2025-11-07 00:37:07,person,0.38250231742858887
2025-11-07 00:37:07,dog,0.2588844299316406
2025-11-07 00:37:07,person,0.8537400960922241
2025-11-07 00:37:07,person,0.3469645082950592
2025-11-07 00:37:07,dog,0.2819356322288513
2025-11-07 00:37:07,toothbrush,0.25713402032852173
2025-11-07 00:37:08,person,0.8478620648384094
2025-11-07 00:37:08,person,0.5275844931602478
2025-11-07 00:37:08,toothbrush,0.34395498037338257
2025-11-07 00:37:09,person,0.8577654361724854
2025-11-07 00:37:09,person,0.5780644416809082
2025-11-07 00:37:09,person,0.8547497391700745
2025-11-07 00:37:09,person,0.6241881847381592
2025-11-07 00:37:10,person,0.8539268970489502
2025-11-07 00:37:10,person,0.49735593795776367
2025-11-07 00:37:10,person,0.8692137598991394
2025-11-07 00:37:10,person,0.5142859816551208
2025-11-07 00:37:11,person,0.8390777707099915
2025-11-07 00:37:11,person,0.5010061264038086
2025-11-07 00:37:11,person,0.8487629890441895
2025-11-07 00:37:11,person,0.5374522805213928
2025-11-07 00:37:12,toothbrush,0.29997822642326355
2025-11-07 00:37:12,person,0.7849472761154175
2025-11-07 00:37:12,person,0.6785382032394409
2025-11-07 00:37:13,person,0.7769387364387512
2025-11-07 00:37:13,person,0.6939172744750977
2025-11-07 00:37:13,person,0.7594153881072998
2025-11-07 00:37:13,person,0.6703051328659058
2025-11-07 00:37:14,person,0.7043607831001282
2025-11-07 00:37:14,person,0.6866426467895508
2025-11-07 00:37:14,person,0.8733845353126526
2025-11-07 00:37:14,person,0.5351302623748779
2025-11-07 00:37:15,person,0.8662113547325134
2025-11-07 00:37:15,person,0.7333948016166687
2025-11-07 00:37:15,person,0.8205582499504089
2025-11-07 00:37:15,person,0.6263021230697632
2025-11-07 00:37:16,person,0.7231951951980591
2025-11-07 00:37:16,person,0.6316912770271301
2025-11-07 00:37:17,person,0.6609950661659241
2025-11-07 00:37:17,dog,0.30572351813316345
2025-11-07 00:37:17,person,0.7109646201133728
2025-11-07 00:37:17,person,0.5565750002861023
2025-11-07 00:37:18,person,0.8548073172569275
2025-11-07 00:37:18,person,0.7303692698478699
2025-11-07 00:37:18,person,0.828192949295044
2025-11-07 00:37:18,person,0.7147892117500305
2025-11-07 00:37:19,person,0.8270220756530762
2025-11-07 00:37:19,person,0.7162525653839111
2025-11-07 00:37:19,person,0.8536648750305176
2025-11-07 00:37:19,person,0.7417426705360413
2025-11-07 00:37:20,person,0.8011919856071472
2025-11-07 00:37:20,person,0.6804512143135071
2025-11-07 00:37:21,person,0.8524590730667114
2025-11-07 00:37:21,person,0.5681442022323608
2025-11-07 00:37:21,person,0.8811014294624329
2025-11-07 00:37:21,person,0.43052223324775696
2025-11-07 00:37:22,person,0.8747068047523499
2025-11-07 00:37:22,person,0.8715233206748962
2025-11-07 00:37:23,person,0.8815934062004089
2025-11-07 00:37:23,person,0.8984637260437012
2025-11-07 00:37:24,person,0.8712522387504578
2025-11-07 00:37:25,person,0.8660211563110352
2025-11-07 00:37:25,sports ball,0.6282310485839844
2025-11-07 00:37:25,person,0.8693628311157227
2025-11-07 00:37:26,person,0.8562650680541992
2025-11-07 00:37:26,person,0.9012179374694824
2025-11-07 00:37:27,person,0.8778765201568604
2025-11-07 00:37:27,person,0.3698645830154419
2025-11-07 00:37:27,person,0.9089716672897339
2025-11-07 00:37:28,person,0.899641215801239
2025-11-07 00:37:28,person,0.9011699557304382
2025-11-07 00:37:29,person,0.9032922983169556
2025-11-07 00:37:29,person,0.9106920957565308
2025-11-07 00:37:30,person,0.9033933281898499
2025-11-07 00:37:34,person,0.8933088779449463
2025-11-07 00:37:37,person,0.8737596273422241
2025-11-07 00:37:39,person,0.8958398699760437
2025-11-07 00:37:42,person,0.8870995044708252
2025-11-07 00:37:44,person,0.8927706480026245
2025-11-07 00:37:47,cell phone,0.6664940118789673
2025-11-07 00:37:47,person,0.6510001420974731
2025-11-07 00:37:49,person,0.6807605028152466
2025-11-07 00:37:49,remote,0.4742332696914673
2025-11-07 00:37:49,cell phone,0.3146939277648926
2025-11-07 00:37:51,person,0.7492978572845459
2025-11-07 00:37:51,cell phone,0.3998900055885315
2025-11-07 00:37:51,remote,0.27903980016708374
